data,codice_ateco,settore,sezione,area_mix,n_vignette,adempimenti,fonti,cast_personaggi,image_prompt,titolo_clickbait,corpo_post,cta_prodotto,cta_url,hashtag,nome_file_webp,drive_folder,stato
2026-07-06,20.59.20,Manifattura,C,Sicurezza+Ambientale+HACCP,5,Formazione Generale Lavoratori | Formazione Ambientale | Documento Valutazione Rischi (DVR) | Formazione Specifica (rischio alto) | Lotta agli Infestanti (Pest Control),Accordo Stato-Regioni | D.Lgs152/06 | D.Lgs81/08 art.28 | Reg.CE 852/2004,"BLINKIX>SCIVOLIX, HYGIENIX>OBLIVIX, CIFRIX>IMPROVVISIX, FORMIX>FRETTIX, CIFRIX>SCADUTIX","PROMPT IMMAGINE - Crea una PAGINA A FUMETTI verticale 1080x1350 'TALES OF SICURIX'. Settore ATECO 20.59.20 - Manifattura [Sicurezza+Ambientale+HACCP]. Stile: original toy-brick comic adventure (personaggi modulari a mattoncini ORIGINALI, NON LEGO, NON Asterix), fumetto europeo umoristico, linee pulite, colori piatti. PALETTE BRAND OBBLIGATORIA: nero #05050A, bianco, arancione #FF6A1A/#E8501A; logo '81+' ben visibile in ogni vignetta; parola 'PERICOLO' in rosso, 'METODO81+' in verde. Layout a griglia di 5 vignette con titolo in alto e striscia CTA in basso ('81plus.net'). Sequenza narrativa PERICOLO-RISCHIO vs METODO81+: Vignetta 1 [Sicurezza/Formazione base]: il cattivo SCIVOLIX scatena 'Formazione base'; l'eroe BLINKIX + SICURIX applicano 'Formazione Generale Lavoratori' (Metodo81+). Vignetta 2 [Ambientale/Formazione]: il cattivo OBLIVIX scatena 'Formazione'; l'eroe HYGIENIX + SICURIX applicano 'Formazione Ambientale' (Metodo81+). Vignetta 3 [Sicurezza/Documento]: il cattivo IMPROVVISIX scatena 'Documento'; l'eroe CIFRIX + SICURIX applicano 'Documento Valutazione Rischi (DVR)' (Metodo81+). Vignetta 4 [Sicurezza/Formazione specifica]: il cattivo FRETTIX scatena 'Formazione specifica'; l'eroe FORMIX + SICURIX applicano 'Formazione Specifica (rischio alto)' (Metodo81+). Vignetta 5 [HACCP/Infestanti]: il cattivo SCADUTIX scatena 'Infestanti'; l'eroe CIFRIX + SICURIX applicano 'Lotta agli Infestanti (Pest Control)' (Metodo81+). Vignetta finale: SICURIX guarda in camera e dice 'Prima vedi. Poi sistemi.' con logo 81+. Testi in ITALIANO, leggibili. NEGATIVE: niente logo LEGO, niente Asterix/Obelix/elmi alati, niente personaggi protetti da copyright, niente gore/horror, niente claim assoluti ('rischio zero','garantito','zero multe').","In Manifattura non e' 'se' arriva il controllo, e' 'quando'. Sei pronto?","In Manifattura c'e' un obbligo che in tanti scoprono solo con la sanzione

In manifattura gli adempimenti obbligatori non aspettano: Formazione base, Formazione, Documento, Formazione specifica, Infestanti. In questa pagina TALES OF SICURIX il PERICOLO prende forma... e il METODO81+ lo rimette in ordine, passo dopo passo. Immagina la scena: prima il caos, poi la checklist che sistema tutto. La regola c'e' gia': tu falla lavorare per te.
👉 Iscriviti al corso: Corso lavoratore parte GENERALE 4 ore -> https://81plus.net/?corso=corso-lavoratore-parte-generale-4-ore
Contenuto informativo. Prima vedi. Poi sistemi. 81plus.net",Corso lavoratore parte GENERALE 4 ore,https://81plus.net/?corso=corso-lavoratore-parte-generale-4-ore,#TalesOfSicurix #SICURIX #Metodo81 #81plus #Sicurissimo81 #Sicurezza #Ambientale #HACCP #SicurezzaSulLavoro,SICURIX_TALES_205920_1_27_0_2_19.webp,https://drive.google.com/drive/folders/1hICKXdl9JTZBL1pemG19oE_661z-EH_k,IMG_OK
2026-07-06,24.32.00,Manifattura,C,Sicurezza+Privacy,3,Uso e Formazione DPI | Rappresentante Lavoratori Sicurezza (RLS) | Formazione GDPR,D.Lgs81/08 art.77 | D.Lgs81/08 art.47 | GDPR art.32,"CHECKIX>NONDPIX, BLINKIX>CHIMIKIX, CHEFIX>LEAKIX","PROMPT IMMAGINE - Crea una PAGINA A FUMETTI verticale 1080x1350 'TALES OF SICURIX'. Settore ATECO 24.32.00 - Manifattura [Sicurezza+Privacy]. Stile: original toy-brick comic adventure (personaggi modulari a mattoncini ORIGINALI, NON LEGO, NON Asterix), fumetto europeo umoristico, linee pulite, colori piatti. PALETTE BRAND OBBLIGATORIA: nero #05050A, bianco, arancione #FF6A1A/#E8501A; logo '81+' ben visibile in ogni vignetta; parola 'PERICOLO' in rosso, 'METODO81+' in verde. Layout a griglia di 3 vignette con titolo in alto e striscia CTA in basso ('81plus.net'). Sequenza narrativa PERICOLO-RISCHIO vs METODO81+: Vignetta 1 [Sicurezza/DPI]: il cattivo NONDPIX scatena 'DPI'; l'eroe CHECKIX + SICURIX applicano 'Uso e Formazione DPI' (Metodo81+). Vignetta 2 [Sicurezza/Ruolo/RLS]: il cattivo CHIMIKIX scatena 'Ruolo/RLS'; l'eroe BLINKIX + SICURIX applicano 'Rappresentante Lavoratori Sicurezza (RLS)' (Metodo81+). Vignetta 3 [Privacy/Formazione]: il cattivo LEAKIX scatena 'Formazione'; l'eroe CHEFIX + SICURIX applicano 'Formazione GDPR' (Metodo81+). Vignetta finale: SICURIX guarda in camera e dice 'Prima vedi. Poi sistemi.' con logo 81+. Testi in ITALIANO, leggibili. NEGATIVE: niente logo LEGO, niente Asterix/Obelix/elmi alati, niente personaggi protetti da copyright, niente gore/horror, niente claim assoluti ('rischio zero','garantito','zero multe').",Quello che l'ispettore controlla per primo in Manifattura (e quasi nessuno lo sa),"La differenza tra chi in Manifattura dorme sereno e chi trema al controllo

In manifattura gli adempimenti obbligatori non aspettano: DPI, Ruolo/RLS, Formazione. In questa pagina TALES OF SICURIX il PERICOLO prende forma... e il METODO81+ lo rimette in ordine, passo dopo passo. Immagina la scena: prima il caos, poi la checklist che sistema tutto. Non e' burocrazia: e' la tua tranquillita.
👉 Iscriviti al corso: Corso Lavori in Quota e DPI Anticaduta -> https://81plus.net/?corso=corso-lavori-in-quota-e-dpi-anticaduta
Contenuto informativo. Prima vedi. Poi sistemi. 81plus.net",Corso Lavori in Quota e DPI Anticaduta,https://81plus.net/?corso=corso-lavori-in-quota-e-dpi-anticaduta,#TalesOfSicurix #SICURIX #Metodo81 #81plus #Sicurissimo81 #Sicurezza #Privacy #SicurezzaSulLavoro,SICURIX_TALES_243200_8_4_24.webp,https://drive.google.com/drive/folders/1hICKXdl9JTZBL1pemG19oE_661z-EH_k,IMG_OK
2026-07-06,47.78.21,Commercio,G,Privacy+Sicurezza+HACCP,3,Procedura Data Breach | Movimentazione Manuale Carichi | Gestione Allergeni,GDPR art.33-34 | D.Lgs81/08 Tit.VI | Reg.UE 1169/2011,"BLINKIX>PERMISSIONIX, CHEFIX>POLVERIX, PREPOSTIX>ACQUAIX","PROMPT IMMAGINE - Crea una PAGINA A FUMETTI verticale 1080x1350 'TALES OF SICURIX'. Settore ATECO 47.78.21 - Commercio [Privacy+Sicurezza+HACCP]. Stile: original toy-brick comic adventure (personaggi modulari a mattoncini ORIGINALI, NON LEGO, NON Asterix), fumetto europeo umoristico, linee pulite, colori piatti. PALETTE BRAND OBBLIGATORIA: nero #05050A, bianco, arancione #FF6A1A/#E8501A; logo '81+' ben visibile in ogni vignetta; parola 'PERICOLO' in rosso, 'METODO81+' in verde. Layout a griglia di 3 vignette con titolo in alto e striscia CTA in basso ('81plus.net'). Sequenza narrativa PERICOLO-RISCHIO vs METODO81+: Vignetta 1 [Privacy/Data breach]: il cattivo PERMISSIONIX scatena 'Data breach'; l'eroe BLINKIX + SICURIX applicano 'Procedura Data Breach' (Metodo81+). Vignetta 2 [Sicurezza/MMC]: il cattivo POLVERIX scatena 'MMC'; l'eroe CHEFIX + SICURIX applicano 'Movimentazione Manuale Carichi' (Metodo81+). Vignetta 3 [HACCP/Allergeni]: il cattivo ACQUAIX scatena 'Allergeni'; l'eroe PREPOSTIX + SICURIX applicano 'Gestione Allergeni' (Metodo81+). Vignetta finale: SICURIX guarda in camera e dice 'Prima vedi. Poi sistemi.' con logo 81+. Testi in ITALIANO, leggibili. NEGATIVE: niente logo LEGO, niente Asterix/Obelix/elmi alati, niente personaggi protetti da copyright, niente gore/horror, niente claim assoluti ('rischio zero','garantito','zero multe').",La differenza tra chi in Commercio dorme sereno e chi trema al controllo,"La differenza tra chi in Commercio dorme sereno e chi trema al controllo

In commercio gli adempimenti obbligatori non aspettano: Data breach, MMC, Allergeni. In questa pagina TALES OF SICURIX il PERICOLO prende forma... e il METODO81+ lo rimette in ordine, passo dopo passo. Immagina la scena: prima il caos, poi la checklist che sistema tutto. Chi si mette in regola prima, dorme meglio dopo.
👉 Iscriviti al corso: Corso privacy destinato ai lavoratori -> https://81plus.net/?corso=corso-privacy-destinato-ai-lavoratori
Contenuto informativo. Prima vedi. Poi sistemi. 81plus.net",Corso privacy destinato ai lavoratori,https://81plus.net/?corso=corso-privacy-destinato-ai-lavoratori,#TalesOfSicurix #SICURIX #Metodo81 #81plus #Sicurissimo81 #Privacy #Sicurezza #HACCP #SicurezzaSulLavoro,SICURIX_TALES_477821_23_10_18.webp,https://drive.google.com/drive/folders/1hICKXdl9JTZBL1pemG19oE_661z-EH_k,IMG_OK
2026-07-06,23.62.00,Manifattura,C,Privacy,1,Procedura Data Breach,GDPR art.33-34,SICURIX>PHISHIX,"PROMPT IMMAGINE - Crea una PAGINA A FUMETTI verticale 1080x1350 'TALES OF SICURIX'. Settore ATECO 23.62.00 - Manifattura [Privacy]. Stile: original toy-brick comic adventure (personaggi modulari a mattoncini ORIGINALI, NON LEGO, NON Asterix), fumetto europeo umoristico, linee pulite, colori piatti. PALETTE BRAND OBBLIGATORIA: nero #05050A, bianco, arancione #FF6A1A/#E8501A; logo '81+' ben visibile in ogni vignetta; parola 'PERICOLO' in rosso, 'METODO81+' in verde. Layout a griglia di 1 vignette con titolo in alto e striscia CTA in basso ('81plus.net'). Sequenza narrativa PERICOLO-RISCHIO vs METODO81+: Vignetta 1 [Privacy/Data breach]: il cattivo PHISHIX scatena 'Data breach'; l'eroe SICURIX + SICURIX applicano 'Procedura Data Breach' (Metodo81+). Vignetta finale: SICURIX guarda in camera e dice 'Prima vedi. Poi sistemi.' con logo 81+. Testi in ITALIANO, leggibili. NEGATIVE: niente logo LEGO, niente Asterix/Obelix/elmi alati, niente personaggi protetti da copyright, niente gore/horror, niente claim assoluti ('rischio zero','garantito','zero multe').",Manifattura: la verita su Procedura Data Breach (in 30 secondi),"Manifattura: 3 minuti oggi o un problema enorme domani. Scegli tu.

In manifattura gli adempimenti obbligatori non aspettano: Data breach. In questa pagina TALES OF SICURIX il PERICOLO prende forma... e il METODO81+ lo rimette in ordine, passo dopo passo. Immagina la scena: prima il caos, poi la checklist che sistema tutto. La regola c'e' gia': tu falla lavorare per te.
👉 Iscriviti al corso: Corso privacy destinato ai lavoratori -> https://81plus.net/?corso=corso-privacy-destinato-ai-lavoratori
Contenuto informativo. Prima vedi. Poi sistemi. 81plus.net",Corso privacy destinato ai lavoratori,https://81plus.net/?corso=corso-privacy-destinato-ai-lavoratori,#TalesOfSicurix #SICURIX #Metodo81 #81plus #Sicurissimo81 #Privacy #SicurezzaSulLavoro,SICURIX_TALES_236200_26.webp,https://drive.google.com/drive/folders/1hICKXdl9JTZBL1pemG19oE_661z-EH_k,DA_GENERARE_IMG
2026-07-06,35.30.00,Energia,D,Sicurezza+Ambientale,2,Addetto Antincendio | Gestione Rifiuti e Registro,DM 2/9/2021 | D.Lgs152/06,"TRACCIX>SCIVOLIX, CIFRIX>RISKIX","PROMPT IMMAGINE - Crea una PAGINA A FUMETTI verticale 1080x1350 'TALES OF SICURIX'. Settore ATECO 35.30.00 - Energia [Sicurezza+Ambientale]. Stile: original toy-brick comic adventure (personaggi modulari a mattoncini ORIGINALI, NON LEGO, NON Asterix), fumetto europeo umoristico, linee pulite, colori piatti. PALETTE BRAND OBBLIGATORIA: nero #05050A, bianco, arancione #FF6A1A/#E8501A; logo '81+' ben visibile in ogni vignetta; parola 'PERICOLO' in rosso, 'METODO81+' in verde. Layout a griglia di 2 vignette con titolo in alto e striscia CTA in basso ('81plus.net'). Sequenza narrativa PERICOLO-RISCHIO vs METODO81+: Vignetta 1 [Sicurezza/Emergenze/Incendio]: il cattivo SCIVOLIX scatena 'Emergenze/Incendio'; l'eroe TRACCIX + SICURIX applicano 'Addetto Antincendio' (Metodo81+). Vignetta 2 [Ambientale/Rifiuti]: il cattivo RISKIX scatena 'Rifiuti'; l'eroe CIFRIX + SICURIX applicano 'Gestione Rifiuti e Registro' (Metodo81+). Vignetta finale: SICURIX guarda in camera e dice 'Prima vedi. Poi sistemi.' con logo 81+. Testi in ITALIANO, leggibili. NEGATIVE: niente logo LEGO, niente Asterix/Obelix/elmi alati, niente personaggi protetti da copyright, niente gore/horror, niente claim assoluti ('rischio zero','garantito','zero multe').","In Energia non e' 'se' arriva il controllo, e' 'quando'. Sei pronto?","In Energia c'e' un obbligo che in tanti scoprono solo con la sanzione

In energia gli adempimenti obbligatori non aspettano: Emergenze/Incendio, Rifiuti. In questa pagina TALES OF SICURIX il PERICOLO prende forma... e il METODO81+ lo rimette in ordine, passo dopo passo. Immagina la scena: prima il caos, poi la checklist che sistema tutto. Chi si mette in regola prima, dorme meglio dopo.
👉 Iscriviti al corso: Corso antincendio livello 1 -> https://81plus.net/?corso=corso-antincendio-livello-1
Contenuto informativo. Prima vedi. Poi sistemi. 81plus.net",Corso antincendio livello 1,https://81plus.net/?corso=corso-antincendio-livello-1,#TalesOfSicurix #SICURIX #Metodo81 #81plus #Sicurissimo81 #Sicurezza #Ambientale #SicurezzaSulLavoro,SICURIX_TALES_353000_7_19.webp,https://drive.google.com/drive/folders/1hICKXdl9JTZBL1pemG19oE_661z-EH_k,DA_GENERARE_IMG
2026-07-06,52.10.10,Trasporti/Magazzino,H,Sicurezza+Privacy,3,Formazione Specifica (rischio alto) | Informativa e Consensi | Rischio Rumore,Accordo Stato-Regioni | GDPR art.13 | D.Lgs81/08 Tit.VIII,"HYGIENIX>SOTTOVALUTIX, CONSENSIX>CANCELIX, CHEFIX>TAGLIX","PROMPT IMMAGINE - Crea una PAGINA A FUMETTI verticale 1080x1350 'TALES OF SICURIX'. Settore ATECO 52.10.10 - Trasporti/Magazzino [Sicurezza+Privacy]. Stile: original toy-brick comic adventure (personaggi modulari a mattoncini ORIGINALI, NON LEGO, NON Asterix), fumetto europeo umoristico, linee pulite, colori piatti. PALETTE BRAND OBBLIGATORIA: nero #05050A, bianco, arancione #FF6A1A/#E8501A; logo '81+' ben visibile in ogni vignetta; parola 'PERICOLO' in rosso, 'METODO81+' in verde. Layout a griglia di 3 vignette con titolo in alto e striscia CTA in basso ('81plus.net'). Sequenza narrativa PERICOLO-RISCHIO vs METODO81+: Vignetta 1 [Sicurezza/Formazione specifica]: il cattivo SOTTOVALUTIX scatena 'Formazione specifica'; l'eroe HYGIENIX + SICURIX applicano 'Formazione Specifica (rischio alto)' (Metodo81+). Vignetta 2 [Privacy/Documento]: il cattivo CANCELIX scatena 'Documento'; l'eroe CONSENSIX + SICURIX applicano 'Informativa e Consensi' (Metodo81+). Vignetta 3 [Sicurezza/Rumore]: il cattivo TAGLIX scatena 'Rumore'; l'eroe CHEFIX + SICURIX applicano 'Rischio Rumore' (Metodo81+). Vignetta finale: SICURIX guarda in camera e dice 'Prima vedi. Poi sistemi.' con logo 81+. Testi in ITALIANO, leggibili. NEGATIVE: niente logo LEGO, niente Asterix/Obelix/elmi alati, niente personaggi protetti da copyright, niente gore/horror, niente claim assoluti ('rischio zero','garantito','zero multe').",Trasporti/Magazzino: 3 minuti oggi o un problema enorme domani. Scegli tu.,"La differenza tra chi in Trasporti/Magazzino dorme sereno e chi trema al controllo

In trasporti/magazzino gli adempimenti obbligatori non aspettano: Formazione specifica, Documento, Rumore. In questa pagina TALES OF SICURIX il PERICOLO prende forma... e il METODO81+ lo rimette in ordine, passo dopo passo. Immagina la scena: prima il caos, poi la checklist che sistema tutto. Chi si mette in regola prima, dorme meglio dopo.
👉 Iscriviti al corso: Corso lavoratore parte GENERALE 4 ore -> https://81plus.net/?corso=corso-lavoratore-parte-generale-4-ore
Contenuto informativo. Prima vedi. Poi sistemi. 81plus.net",Corso lavoratore parte GENERALE 4 ore,https://81plus.net/?corso=corso-lavoratore-parte-generale-4-ore,#TalesOfSicurix #SICURIX #Metodo81 #81plus #Sicurissimo81 #Sicurezza #Privacy #SicurezzaSulLavoro,SICURIX_TALES_521010_2_15_12.webp,https://drive.google.com/drive/folders/1hICKXdl9JTZBL1pemG19oE_661z-EH_k,DA_GENERARE_IMG
2026-07-06,10.85.03,Manifattura,C,Sicurezza+Privacy+HACCP,4,Rischio Rumore | Registro dei Trattamenti | Formazione Specifica (rischio alto) | Piano di Sanificazione,D.Lgs81/08 Tit.VIII | GDPR art.30 | Accordo Stato-Regioni | Reg.CE 852/2004,"ROBOTIX81>RISKIX, CHEFIX>CAOSIX, CONSENSIX>BIOXIX, CHECKIX>DOSAGIX","PROMPT IMMAGINE - Crea una PAGINA A FUMETTI verticale 1080x1350 'TALES OF SICURIX'. Settore ATECO 10.85.03 - Manifattura [Sicurezza+Privacy+HACCP]. Stile: original toy-brick comic adventure (personaggi modulari a mattoncini ORIGINALI, NON LEGO, NON Asterix), fumetto europeo umoristico, linee pulite, colori piatti. PALETTE BRAND OBBLIGATORIA: nero #05050A, bianco, arancione #FF6A1A/#E8501A; logo '81+' ben visibile in ogni vignetta; parola 'PERICOLO' in rosso, 'METODO81+' in verde. Layout a griglia di 4 vignette con titolo in alto e striscia CTA in basso ('81plus.net'). Sequenza narrativa PERICOLO-RISCHIO vs METODO81+: Vignetta 1 [Sicurezza/Rumore]: il cattivo RISKIX scatena 'Rumore'; l'eroe ROBOTIX81 + SICURIX applicano 'Rischio Rumore' (Metodo81+). Vignetta 2 [Privacy/Registro]: il cattivo CAOSIX scatena 'Registro'; l'eroe CHEFIX + SICURIX applicano 'Registro dei Trattamenti' (Metodo81+). Vignetta 3 [Sicurezza/Formazione specifica]: il cattivo BIOXIX scatena 'Formazione specifica'; l'eroe CONSENSIX + SICURIX applicano 'Formazione Specifica (rischio alto)' (Metodo81+). Vignetta 4 [HACCP/Sanificazione]: il cattivo DOSAGIX scatena 'Sanificazione'; l'eroe CHECKIX + SICURIX applicano 'Piano di Sanificazione' (Metodo81+). Vignetta finale: SICURIX guarda in camera e dice 'Prima vedi. Poi sistemi.' con logo 81+. Testi in ITALIANO, leggibili. NEGATIVE: niente logo LEGO, niente Asterix/Obelix/elmi alati, niente personaggi protetti da copyright, niente gore/horror, niente claim assoluti ('rischio zero','garantito','zero multe').",In Manifattura c'e' un obbligo che in tanti scoprono solo con la sanzione,"La differenza tra chi in Manifattura dorme sereno e chi trema al controllo

In manifattura gli adempimenti obbligatori non aspettano: Rumore, Registro, Formazione specifica, Sanificazione. In questa pagina TALES OF SICURIX il PERICOLO prende forma... e il METODO81+ lo rimette in ordine, passo dopo passo. Immagina la scena: prima il caos, poi la checklist che sistema tutto. La regola c'e' gia': tu falla lavorare per te.
👉 Iscriviti al corso: Corso RSPP Datore di Lavoro : rischio rumore -> https://81plus.net/?corso=corso-rspp-datore-di-lavoro-rischio-rumore
Contenuto informativo. Prima vedi. Poi sistemi. 81plus.net",Corso RSPP Datore di Lavoro : rischio rumore,https://81plus.net/?corso=corso-rspp-datore-di-lavoro-rischio-rumore,#TalesOfSicurix #SICURIX #Metodo81 #81plus #Sicurissimo81 #Sicurezza #Privacy #HACCP #SicurezzaSulLavoro,SICURIX_TALES_108503_12_22_2_16.webp,https://drive.google.com/drive/folders/1hICKXdl9JTZBL1pemG19oE_661z-EH_k,DA_GENERARE_IMG
2026-07-06,33.11.02,Manifattura,C,HACCP+Privacy+Sicurezza,4,Corso Alimentarista | Nomina Incaricati/Responsabili | Movimentazione Manuale Carichi | Registro dei Trattamenti,Reg.CE 852/2004 | GDPR art.28-29 | D.Lgs81/08 Tit.VI | GDPR art.30,"ROBOTIX81>CAOSIX, TRACCIX>OBLIVIX, HYGIENIX>OBLIVIX, PRIVACIX>HACKIX","PROMPT IMMAGINE - Crea una PAGINA A FUMETTI verticale 1080x1350 'TALES OF SICURIX'. Settore ATECO 33.11.02 - Manifattura [HACCP+Privacy+Sicurezza]. Stile: original toy-brick comic adventure (personaggi modulari a mattoncini ORIGINALI, NON LEGO, NON Asterix), fumetto europeo umoristico, linee pulite, colori piatti. PALETTE BRAND OBBLIGATORIA: nero #05050A, bianco, arancione #FF6A1A/#E8501A; logo '81+' ben visibile in ogni vignetta; parola 'PERICOLO' in rosso, 'METODO81+' in verde. Layout a griglia di 4 vignette con titolo in alto e striscia CTA in basso ('81plus.net'). Sequenza narrativa PERICOLO-RISCHIO vs METODO81+: Vignetta 1 [HACCP/Corso]: il cattivo CAOSIX scatena 'Corso'; l'eroe ROBOTIX81 + SICURIX applicano 'Corso Alimentarista' (Metodo81+). Vignetta 2 [Privacy/Nomine]: il cattivo OBLIVIX scatena 'Nomine'; l'eroe TRACCIX + SICURIX applicano 'Nomina Incaricati/Responsabili' (Metodo81+). Vignetta 3 [Sicurezza/MMC]: il cattivo OBLIVIX scatena 'MMC'; l'eroe HYGIENIX + SICURIX applicano 'Movimentazione Manuale Carichi' (Metodo81+). Vignetta 4 [Privacy/Registro]: il cattivo HACKIX scatena 'Registro'; l'eroe PRIVACIX + SICURIX applicano 'Registro dei Trattamenti' (Metodo81+). Vignetta finale: SICURIX guarda in camera e dice 'Prima vedi. Poi sistemi.' con logo 81+. Testi in ITALIANO, leggibili. NEGATIVE: niente logo LEGO, niente Asterix/Obelix/elmi alati, niente personaggi protetti da copyright, niente gore/horror, niente claim assoluti ('rischio zero','garantito','zero multe').",Quello che l'ispettore controlla per primo in Manifattura (e quasi nessuno lo sa),"La differenza tra chi in Manifattura dorme sereno e chi trema al controllo

In manifattura gli adempimenti obbligatori non aspettano: Corso, Nomine, MMC, Registro. In questa pagina TALES OF SICURIX il PERICOLO prende forma... e il METODO81+ lo rimette in ordine, passo dopo passo. Immagina la scena: prima il caos, poi la checklist che sistema tutto. Chi si mette in regola prima, dorme meglio dopo.
👉 Iscriviti al corso: Haccp - Corso responsabile industria alimentare -> https://81plus.net/?corso=haccp-corso-responsabile-industria-alimentare
Contenuto informativo. Prima vedi. Poi sistemi. 81plus.net",Haccp - Corso responsabile industria alimentare,https://81plus.net/?corso=haccp-corso-responsabile-industria-alimentare,#TalesOfSicurix #SICURIX #Metodo81 #81plus #Sicurissimo81 #HACCP #Privacy #Sicurezza #SicurezzaSulLavoro,SICURIX_TALES_331102_15_23_10_22.webp,https://drive.google.com/drive/folders/1hICKXdl9JTZBL1pemG19oE_661z-EH_k,DA_GENERARE_IMG
2026-07-06,28.29.10,Manifattura,C,Sicurezza+Ambientale+Privacy,3,Movimentazione Manuale Carichi | Gestione Rifiuti e Registro | Nomina Incaricati/Responsabili,D.Lgs81/08 Tit.VI | D.Lgs152/06 | GDPR art.28-29,"CHECKIX>VIBRIX, CHECKIX>CAOSIX, FORMIX>RISKIX","PROMPT IMMAGINE - Crea una PAGINA A FUMETTI verticale 1080x1350 'TALES OF SICURIX'. Settore ATECO 28.29.10 - Manifattura [Sicurezza+Ambientale+Privacy]. Stile: original toy-brick comic adventure (personaggi modulari a mattoncini ORIGINALI, NON LEGO, NON Asterix), fumetto europeo umoristico, linee pulite, colori piatti. PALETTE BRAND OBBLIGATORIA: nero #05050A, bianco, arancione #FF6A1A/#E8501A; logo '81+' ben visibile in ogni vignetta; parola 'PERICOLO' in rosso, 'METODO81+' in verde. Layout a griglia di 3 vignette con titolo in alto e striscia CTA in basso ('81plus.net'). Sequenza narrativa PERICOLO-RISCHIO vs METODO81+: Vignetta 1 [Sicurezza/MMC]: il cattivo VIBRIX scatena 'MMC'; l'eroe CHECKIX + SICURIX applicano 'Movimentazione Manuale Carichi' (Metodo81+). Vignetta 2 [Ambientale/Rifiuti]: il cattivo CAOSIX scatena 'Rifiuti'; l'eroe CHECKIX + SICURIX applicano 'Gestione Rifiuti e Registro' (Metodo81+). Vignetta 3 [Privacy/Nomine]: il cattivo RISKIX scatena 'Nomine'; l'eroe FORMIX + SICURIX applicano 'Nomina Incaricati/Responsabili' (Metodo81+). Vignetta finale: SICURIX guarda in camera e dice 'Prima vedi. Poi sistemi.' con logo 81+. Testi in ITALIANO, leggibili. NEGATIVE: niente logo LEGO, niente Asterix/Obelix/elmi alati, niente personaggi protetti da copyright, niente gore/horror, niente claim assoluti ('rischio zero','garantito','zero multe').",La differenza tra chi in Manifattura dorme sereno e chi trema al controllo,"In Manifattura c'e' un obbligo che in tanti scoprono solo con la sanzione

In manifattura gli adempimenti obbligatori non aspettano: MMC, Rifiuti, Nomine. In questa pagina TALES OF SICURIX il PERICOLO prende forma... e il METODO81+ lo rimette in ordine, passo dopo passo. Immagina la scena: prima il caos, poi la checklist che sistema tutto. Mettere ordine ora costa poco. Rimediare dopo costa caro.
👉 Iscriviti al corso: Corso RSPP Datore di Lavoro : Movimentazione manuale carichi -> https://81plus.net/?corso=corso-rspp-datore-di-lavoro-movimentazione-manuale-carichi
Contenuto informativo. Prima vedi. Poi sistemi. 81plus.net",Corso RSPP Datore di Lavoro : Movimentazione manuale carichi,https://81plus.net/?corso=corso-rspp-datore-di-lavoro-movimentazione-manuale-carichi,#TalesOfSicurix #SICURIX #Metodo81 #81plus #Sicurissimo81 #Sicurezza #Ambientale #Privacy #SicurezzaSulLavoro,SICURIX_TALES_282910_10_26_23.webp,https://drive.google.com/drive/folders/1hICKXdl9JTZBL1pemG19oE_661z-EH_k,DA_GENERARE_IMG
2026-07-06,23.41.00,Manifattura,C,Sicurezza,2,Formazione Preposto | Uso e Formazione DPI,D.Lgs81/08 art.37 | D.Lgs81/08 art.77,"DOCUMIX>RISKIX, CIFRIX>OBLIVIX","PROMPT IMMAGINE - Crea una PAGINA A FUMETTI verticale 1080x1350 'TALES OF SICURIX'. Settore ATECO 23.41.00 - Manifattura [Sicurezza]. Stile: original toy-brick comic adventure (personaggi modulari a mattoncini ORIGINALI, NON LEGO, NON Asterix), fumetto europeo umoristico, linee pulite, colori piatti. PALETTE BRAND OBBLIGATORIA: nero #05050A, bianco, arancione #FF6A1A/#E8501A; logo '81+' ben visibile in ogni vignetta; parola 'PERICOLO' in rosso, 'METODO81+' in verde. Layout a griglia di 2 vignette con titolo in alto e striscia CTA in basso ('81plus.net'). Sequenza narrativa PERICOLO-RISCHIO vs METODO81+: Vignetta 1 [Sicurezza/Ruolo/Preposto]: il cattivo RISKIX scatena 'Ruolo/Preposto'; l'eroe DOCUMIX + SICURIX applicano 'Formazione Preposto' (Metodo81+). Vignetta 2 [Sicurezza/DPI]: il cattivo OBLIVIX scatena 'DPI'; l'eroe CIFRIX + SICURIX applicano 'Uso e Formazione DPI' (Metodo81+). Vignetta finale: SICURIX guarda in camera e dice 'Prima vedi. Poi sistemi.' con logo 81+. Testi in ITALIANO, leggibili. NEGATIVE: niente logo LEGO, niente Asterix/Obelix/elmi alati, niente personaggi protetti da copyright, niente gore/horror, niente claim assoluti ('rischio zero','garantito','zero multe').",La differenza tra chi in Manifattura dorme sereno e chi trema al controllo,"La differenza tra chi in Manifattura dorme sereno e chi trema al controllo

In manifattura gli adempimenti obbligatori non aspettano: Ruolo/Preposto, DPI. In questa pagina TALES OF SICURIX il PERICOLO prende forma... e il METODO81+ lo rimette in ordine, passo dopo passo. Immagina la scena: prima il caos, poi la checklist che sistema tutto. Non e' burocrazia: e' la tua tranquillita.
👉 Iscriviti al corso: Corso per Preposto -> https://81plus.net/?corso=corso-per-preposto
Contenuto informativo. Prima vedi. Poi sistemi. 81plus.net",Corso per Preposto,https://81plus.net/?corso=corso-per-preposto,#TalesOfSicurix #SICURIX #Metodo81 #81plus #Sicurissimo81 #Sicurezza #SicurezzaSulLavoro,SICURIX_TALES_234100_3_8.webp,https://drive.google.com/drive/folders/1hICKXdl9JTZBL1pemG19oE_661z-EH_k,DA_GENERARE_IMG
2026-07-06,98.20.00,Org.extra,U,Sicurezza,1,Addetto Antincendio,DM 2/9/2021,FORMIX>NONDPIX,"PROMPT IMMAGINE - Crea una PAGINA A FUMETTI verticale 1080x1350 'TALES OF SICURIX'. Settore ATECO 98.20.00 - Org.extra [Sicurezza]. Stile: original toy-brick comic adventure (personaggi modulari a mattoncini ORIGINALI, NON LEGO, NON Asterix), fumetto europeo umoristico, linee pulite, colori piatti. PALETTE BRAND OBBLIGATORIA: nero #05050A, bianco, arancione #FF6A1A/#E8501A; logo '81+' ben visibile in ogni vignetta; parola 'PERICOLO' in rosso, 'METODO81+' in verde. Layout a griglia di 1 vignette con titolo in alto e striscia CTA in basso ('81plus.net'). Sequenza narrativa PERICOLO-RISCHIO vs METODO81+: Vignetta 1 [Sicurezza/Emergenze/Incendio]: il cattivo NONDPIX scatena 'Emergenze/Incendio'; l'eroe FORMIX + SICURIX applicano 'Addetto Antincendio' (Metodo81+). Vignetta finale: SICURIX guarda in camera e dice 'Prima vedi. Poi sistemi.' con logo 81+. Testi in ITALIANO, leggibili. NEGATIVE: niente logo LEGO, niente Asterix/Obelix/elmi alati, niente personaggi protetti da copyright, niente gore/horror, niente claim assoluti ('rischio zero','garantito','zero multe').",Org.extra: la verita su Addetto Antincendio (in 30 secondi),"In Org.extra non e' 'se' arriva il controllo, e' 'quando'. Sei pronto?

In org.extra gli adempimenti obbligatori non aspettano: Emergenze/Incendio. In questa pagina TALES OF SICURIX il PERICOLO prende forma... e il METODO81+ lo rimette in ordine, passo dopo passo. Immagina la scena: prima il caos, poi la checklist che sistema tutto. Mettere ordine ora costa poco. Rimediare dopo costa caro.
👉 Iscriviti al corso: Corso antincendio livello 1 -> https://81plus.net/?corso=corso-antincendio-livello-1
Contenuto informativo. Prima vedi. Poi sistemi. 81plus.net",Corso antincendio livello 1,https://81plus.net/?corso=corso-antincendio-livello-1,#TalesOfSicurix #SICURIX #Metodo81 #81plus #Sicurissimo81 #Sicurezza #SicurezzaSulLavoro,SICURIX_TALES_982000_7.webp,https://drive.google.com/drive/folders/1hICKXdl9JTZBL1pemG19oE_661z-EH_k,DA_GENERARE_IMG
2026-07-06,47.55.10,Commercio,G,Sicurezza+HACCP,2,Documento Valutazione Rischi (DVR) | Rintracciabilita ed Etichettatura,D.Lgs81/08 art.28 | Reg.CE 178/2002,"PREPOSTIX>SCHIACCIX, CONSENSIX>ACQUAIX","PROMPT IMMAGINE - Crea una PAGINA A FUMETTI verticale 1080x1350 'TALES OF SICURIX'. Settore ATECO 47.55.10 - Commercio [Sicurezza+HACCP]. Stile: original toy-brick comic adventure (personaggi modulari a mattoncini ORIGINALI, NON LEGO, NON Asterix), fumetto europeo umoristico, linee pulite, colori piatti. PALETTE BRAND OBBLIGATORIA: nero #05050A, bianco, arancione #FF6A1A/#E8501A; logo '81+' ben visibile in ogni vignetta; parola 'PERICOLO' in rosso, 'METODO81+' in verde. Layout a griglia di 2 vignette con titolo in alto e striscia CTA in basso ('81plus.net'). Sequenza narrativa PERICOLO-RISCHIO vs METODO81+: Vignetta 1 [Sicurezza/Documento]: il cattivo SCHIACCIX scatena 'Documento'; l'eroe PREPOSTIX + SICURIX applicano 'Documento Valutazione Rischi (DVR)' (Metodo81+). Vignetta 2 [HACCP/Rintracciabilita]: il cattivo ACQUAIX scatena 'Rintracciabilita'; l'eroe CONSENSIX + SICURIX applicano 'Rintracciabilita ed Etichettatura' (Metodo81+). Vignetta finale: SICURIX guarda in camera e dice 'Prima vedi. Poi sistemi.' con logo 81+. Testi in ITALIANO, leggibili. NEGATIVE: niente logo LEGO, niente Asterix/Obelix/elmi alati, niente personaggi protetti da copyright, niente gore/horror, niente claim assoluti ('rischio zero','garantito','zero multe').",In Commercio c'e' un obbligo che in tanti scoprono solo con la sanzione,"Quello che l'ispettore controlla per primo in Commercio (e quasi nessuno lo sa)

In commercio gli adempimenti obbligatori non aspettano: Documento, Rintracciabilita. In questa pagina TALES OF SICURIX il PERICOLO prende forma... e il METODO81+ lo rimette in ordine, passo dopo passo. Immagina la scena: prima il caos, poi la checklist che sistema tutto. Chi si mette in regola prima, dorme meglio dopo.
👉 Iscriviti al corso: Corso lavoratore parte GENERALE 4 ore -> https://81plus.net/?corso=corso-lavoratore-parte-generale-4-ore
Contenuto informativo. Prima vedi. Poi sistemi. 81plus.net",Corso lavoratore parte GENERALE 4 ore,https://81plus.net/?corso=corso-lavoratore-parte-generale-4-ore,#TalesOfSicurix #SICURIX #Metodo81 #81plus #Sicurissimo81 #Sicurezza #HACCP #SicurezzaSulLavoro,SICURIX_TALES_475510_0_15.webp,https://drive.google.com/drive/folders/1hICKXdl9JTZBL1pemG19oE_661z-EH_k,DA_GENERARE_IMG
2026-07-06,56.11.23,Alloggio/Ristorazione,I,Sicurezza,1,Uso e Formazione DPI,D.Lgs81/08 art.77,PRIVACIX>RUMORIX,"PROMPT IMMAGINE - Crea una PAGINA A FUMETTI verticale 1080x1350 'TALES OF SICURIX'. Settore ATECO 56.11.23 - Alloggio/Ristorazione [Sicurezza]. Stile: original toy-brick comic adventure (personaggi modulari a mattoncini ORIGINALI, NON LEGO, NON Asterix), fumetto europeo umoristico, linee pulite, colori piatti. PALETTE BRAND OBBLIGATORIA: nero #05050A, bianco, arancione #FF6A1A/#E8501A; logo '81+' ben visibile in ogni vignetta; parola 'PERICOLO' in rosso, 'METODO81+' in verde. Layout a griglia di 1 vignette con titolo in alto e striscia CTA in basso ('81plus.net'). Sequenza narrativa PERICOLO-RISCHIO vs METODO81+: Vignetta 1 [Sicurezza/DPI]: il cattivo RUMORIX scatena 'DPI'; l'eroe PRIVACIX + SICURIX applicano 'Uso e Formazione DPI' (Metodo81+). Vignetta finale: SICURIX guarda in camera e dice 'Prima vedi. Poi sistemi.' con logo 81+. Testi in ITALIANO, leggibili. NEGATIVE: niente logo LEGO, niente Asterix/Obelix/elmi alati, niente personaggi protetti da copyright, niente gore/horror, niente claim assoluti ('rischio zero','garantito','zero multe').",Alloggio/Ristorazione: la verita su Uso e Formazione DPI (in 30 secondi),"La differenza tra chi in Alloggio/Ristorazione dorme sereno e chi trema al controllo

In alloggio/ristorazione gli adempimenti obbligatori non aspettano: DPI. In questa pagina TALES OF SICURIX il PERICOLO prende forma... e il METODO81+ lo rimette in ordine, passo dopo passo. Immagina la scena: prima il caos, poi la checklist che sistema tutto. Non e' burocrazia: e' la tua tranquillita.
👉 Iscriviti al corso: Corso Lavori in Quota e DPI Anticaduta -> https://81plus.net/?corso=corso-lavori-in-quota-e-dpi-anticaduta
Contenuto informativo. Prima vedi. Poi sistemi. 81plus.net",Corso Lavori in Quota e DPI Anticaduta,https://81plus.net/?corso=corso-lavori-in-quota-e-dpi-anticaduta,#TalesOfSicurix #SICURIX #Metodo81 #81plus #Sicurissimo81 #Sicurezza #SicurezzaSulLavoro,SICURIX_TALES_561123_8.webp,https://drive.google.com/drive/folders/1hICKXdl9JTZBL1pemG19oE_661z-EH_k,DA_GENERARE_IMG
2026-07-06,30.32.00,Manifattura,C,Sicurezza+Privacy+Ambientale+HACCP,4,Addetto Primo Soccorso | Nomina Incaricati/Responsabili | Gestione Rifiuti e Registro | Gestione Allergeni,DM 388/2003 | GDPR art.28-29 | D.Lgs152/06 | Reg.UE 1169/2011,"DOCUMIX>CHIMIKIX, TRACCIX>OBLIVIX, CHEFIX>CAOSIX, PRIVACIX>SPORCKIX","PROMPT IMMAGINE - Crea una PAGINA A FUMETTI verticale 1080x1350 'TALES OF SICURIX'. Settore ATECO 30.32.00 - Manifattura [Sicurezza+Privacy+Ambientale+HACCP]. Stile: original toy-brick comic adventure (personaggi modulari a mattoncini ORIGINALI, NON LEGO, NON Asterix), fumetto europeo umoristico, linee pulite, colori piatti. PALETTE BRAND OBBLIGATORIA: nero #05050A, bianco, arancione #FF6A1A/#E8501A; logo '81+' ben visibile in ogni vignetta; parola 'PERICOLO' in rosso, 'METODO81+' in verde. Layout a griglia di 4 vignette con titolo in alto e striscia CTA in basso ('81plus.net'). Sequenza narrativa PERICOLO-RISCHIO vs METODO81+: Vignetta 1 [Sicurezza/Emergenze/Soccorso]: il cattivo CHIMIKIX scatena 'Emergenze/Soccorso'; l'eroe DOCUMIX + SICURIX applicano 'Addetto Primo Soccorso' (Metodo81+). Vignetta 2 [Privacy/Nomine]: il cattivo OBLIVIX scatena 'Nomine'; l'eroe TRACCIX + SICURIX applicano 'Nomina Incaricati/Responsabili' (Metodo81+). Vignetta 3 [Ambientale/Rifiuti]: il cattivo CAOSIX scatena 'Rifiuti'; l'eroe CHEFIX + SICURIX applicano 'Gestione Rifiuti e Registro' (Metodo81+). Vignetta 4 [HACCP/Allergeni]: il cattivo SPORCKIX scatena 'Allergeni'; l'eroe PRIVACIX + SICURIX applicano 'Gestione Allergeni' (Metodo81+). Vignetta finale: SICURIX guarda in camera e dice 'Prima vedi. Poi sistemi.' con logo 81+. Testi in ITALIANO, leggibili. NEGATIVE: niente logo LEGO, niente Asterix/Obelix/elmi alati, niente personaggi protetti da copyright, niente gore/horror, niente claim assoluti ('rischio zero','garantito','zero multe').",Quello che l'ispettore controlla per primo in Manifattura (e quasi nessuno lo sa),"Quello che l'ispettore controlla per primo in Manifattura (e quasi nessuno lo sa)

In manifattura gli adempimenti obbligatori non aspettano: Emergenze/Soccorso, Nomine, Rifiuti, Allergeni. In questa pagina TALES OF SICURIX il PERICOLO prende forma... e il METODO81+ lo rimette in ordine, passo dopo passo. Immagina la scena: prima il caos, poi la checklist che sistema tutto. Mettere ordine ora costa poco. Rimediare dopo costa caro.
👉 Iscriviti al corso: Corso Primo Soccorso (A-B-C) -> https://81plus.net/?corso=corso-primo-soccorso-a-b-c
Contenuto informativo. Prima vedi. Poi sistemi. 81plus.net",Corso Primo Soccorso (A-B-C),https://81plus.net/?corso=corso-primo-soccorso-a-b-c,#TalesOfSicurix #SICURIX #Metodo81 #81plus #Sicurissimo81 #Sicurezza #Privacy #Ambientale #HACCP #SicurezzaSulLavoro,SICURIX_TALES_303200_6_23_26_20.webp,https://drive.google.com/drive/folders/1hICKXdl9JTZBL1pemG19oE_661z-EH_k,DA_GENERARE_IMG
2026-07-06,10.89.01,Manifattura,C,Ambientale+Sicurezza,2,Gestione Rifiuti e Registro | Documento Valutazione Rischi (DVR),D.Lgs152/06 | D.Lgs81/08 art.28,"CHECKIX>CAOSIX, PREPOSTIX>BIOXIX","PROMPT IMMAGINE - Crea una PAGINA A FUMETTI verticale 1080x1350 'TALES OF SICURIX'. Settore ATECO 10.89.01 - Manifattura [Ambientale+Sicurezza]. Stile: original toy-brick comic adventure (personaggi modulari a mattoncini ORIGINALI, NON LEGO, NON Asterix), fumetto europeo umoristico, linee pulite, colori piatti. PALETTE BRAND OBBLIGATORIA: nero #05050A, bianco, arancione #FF6A1A/#E8501A; logo '81+' ben visibile in ogni vignetta; parola 'PERICOLO' in rosso, 'METODO81+' in verde. Layout a griglia di 2 vignette con titolo in alto e striscia CTA in basso ('81plus.net'). Sequenza narrativa PERICOLO-RISCHIO vs METODO81+: Vignetta 1 [Ambientale/Rifiuti]: il cattivo CAOSIX scatena 'Rifiuti'; l'eroe CHECKIX + SICURIX applicano 'Gestione Rifiuti e Registro' (Metodo81+). Vignetta 2 [Sicurezza/Documento]: il cattivo BIOXIX scatena 'Documento'; l'eroe PREPOSTIX + SICURIX applicano 'Documento Valutazione Rischi (DVR)' (Metodo81+). Vignetta finale: SICURIX guarda in camera e dice 'Prima vedi. Poi sistemi.' con logo 81+. Testi in ITALIANO, leggibili. NEGATIVE: niente logo LEGO, niente Asterix/Obelix/elmi alati, niente personaggi protetti da copyright, niente gore/horror, niente claim assoluti ('rischio zero','garantito','zero multe').",La differenza tra chi in Manifattura dorme sereno e chi trema al controllo,"In Manifattura c'e' un obbligo che in tanti scoprono solo con la sanzione

In manifattura gli adempimenti obbligatori non aspettano: Rifiuti, Documento. In questa pagina TALES OF SICURIX il PERICOLO prende forma... e il METODO81+ lo rimette in ordine, passo dopo passo. Immagina la scena: prima il caos, poi la checklist che sistema tutto. La regola c'e' gia': tu falla lavorare per te.
👉 Iscriviti al corso: Formazione integrativa lavoratore 4 ore – gestione e smaltimento rifiuti -> https://81plus.net/?corso=formazione-integrativa-lavoratore-4-ore-gestione-e-smaltimen
Contenuto informativo. Prima vedi. Poi sistemi. 81plus.net",Formazione integrativa lavoratore 4 ore – gestione e smaltimento rifiuti,https://81plus.net/?corso=formazione-integrativa-lavoratore-4-ore-gestione-e-smaltimen,#TalesOfSicurix #SICURIX #Metodo81 #81plus #Sicurissimo81 #Ambientale #Sicurezza #SicurezzaSulLavoro,SICURIX_TALES_108901_27_0.webp,https://drive.google.com/drive/folders/1hICKXdl9JTZBL1pemG19oE_661z-EH_k,DA_GENERARE_IMG
2026-07-06,01.48.10,Agricoltura,A,Sicurezza,1,Sorveglianza Sanitaria / Medico Competente,D.Lgs81/08 art.41,CHEFIX>OBLIVIX,"PROMPT IMMAGINE - Crea una PAGINA A FUMETTI verticale 1080x1350 'TALES OF SICURIX'. Settore ATECO 01.48.10 - Agricoltura [Sicurezza]. Stile: original toy-brick comic adventure (personaggi modulari a mattoncini ORIGINALI, NON LEGO, NON Asterix), fumetto europeo umoristico, linee pulite, colori piatti. PALETTE BRAND OBBLIGATORIA: nero #05050A, bianco, arancione #FF6A1A/#E8501A; logo '81+' ben visibile in ogni vignetta; parola 'PERICOLO' in rosso, 'METODO81+' in verde. Layout a griglia di 1 vignette con titolo in alto e striscia CTA in basso ('81plus.net'). Sequenza narrativa PERICOLO-RISCHIO vs METODO81+: Vignetta 1 [Sicurezza/Sorveglianza sanitaria]: il cattivo OBLIVIX scatena 'Sorveglianza sanitaria'; l'eroe CHEFIX + SICURIX applicano 'Sorveglianza Sanitaria / Medico Competente' (Metodo81+). Vignetta finale: SICURIX guarda in camera e dice 'Prima vedi. Poi sistemi.' con logo 81+. Testi in ITALIANO, leggibili. NEGATIVE: niente logo LEGO, niente Asterix/Obelix/elmi alati, niente personaggi protetti da copyright, niente gore/horror, niente claim assoluti ('rischio zero','garantito','zero multe').",Agricoltura: la verita su Sorveglianza Sanitaria / Medico Competente (in 30 secondi),"Quello che l'ispettore controlla per primo in Agricoltura (e quasi nessuno lo sa)

In agricoltura gli adempimenti obbligatori non aspettano: Sorveglianza sanitaria. In questa pagina TALES OF SICURIX il PERICOLO prende forma... e il METODO81+ lo rimette in ordine, passo dopo passo. Immagina la scena: prima il caos, poi la checklist che sistema tutto. Mettere ordine ora costa poco. Rimediare dopo costa caro.
👉 Iscriviti al corso: Corso lavoratore parte GENERALE 4 ore -> https://81plus.net/?corso=corso-lavoratore-parte-generale-4-ore
Contenuto informativo. Prima vedi. Poi sistemi. 81plus.net",Corso lavoratore parte GENERALE 4 ore,https://81plus.net/?corso=corso-lavoratore-parte-generale-4-ore,#TalesOfSicurix #SICURIX #Metodo81 #81plus #Sicurissimo81 #Sicurezza #SicurezzaSulLavoro,SICURIX_TALES_014810_9.webp,https://drive.google.com/drive/folders/1hICKXdl9JTZBL1pemG19oE_661z-EH_k,DA_GENERARE_IMG
2026-07-06,55.20.10,Alloggio/Ristorazione,I,HACCP+Sicurezza,3,Manuale HACCP di Autocontrollo | RSPP / Datore di Lavoro RSPP | Sorveglianza Sanitaria / Medico Competente,Reg.CE 852/2004 | D.Lgs81/08 art.34 | D.Lgs81/08 art.41,"DOCUMIX>OBLIVIX, CIFRIX>CAOSIX, CONSENSIX>POLVERIX","PROMPT IMMAGINE - Crea una PAGINA A FUMETTI verticale 1080x1350 'TALES OF SICURIX'. Settore ATECO 55.20.10 - Alloggio/Ristorazione [HACCP+Sicurezza]. Stile: original toy-brick comic adventure (personaggi modulari a mattoncini ORIGINALI, NON LEGO, NON Asterix), fumetto europeo umoristico, linee pulite, colori piatti. PALETTE BRAND OBBLIGATORIA: nero #05050A, bianco, arancione #FF6A1A/#E8501A; logo '81+' ben visibile in ogni vignetta; parola 'PERICOLO' in rosso, 'METODO81+' in verde. Layout a griglia di 3 vignette con titolo in alto e striscia CTA in basso ('81plus.net'). Sequenza narrativa PERICOLO-RISCHIO vs METODO81+: Vignetta 1 [HACCP/Documento]: il cattivo OBLIVIX scatena 'Documento'; l'eroe DOCUMIX + SICURIX applicano 'Manuale HACCP di Autocontrollo' (Metodo81+). Vignetta 2 [Sicurezza/Ruolo/RSPP]: il cattivo CAOSIX scatena 'Ruolo/RSPP'; l'eroe CIFRIX + SICURIX applicano 'RSPP / Datore di Lavoro RSPP' (Metodo81+). Vignetta 3 [Sicurezza/Sorveglianza sanitaria]: il cattivo POLVERIX scatena 'Sorveglianza sanitaria'; l'eroe CONSENSIX + SICURIX applicano 'Sorveglianza Sanitaria / Medico Competente' (Metodo81+). Vignetta finale: SICURIX guarda in camera e dice 'Prima vedi. Poi sistemi.' con logo 81+. Testi in ITALIANO, leggibili. NEGATIVE: niente logo LEGO, niente Asterix/Obelix/elmi alati, niente personaggi protetti da copyright, niente gore/horror, niente claim assoluti ('rischio zero','garantito','zero multe').","In Alloggio/Ristorazione non e' 'se' arriva il controllo, e' 'quando'. Sei pronto?","In Alloggio/Ristorazione non e' 'se' arriva il controllo, e' 'quando'. Sei pronto?

In alloggio/ristorazione gli adempimenti obbligatori non aspettano: Documento, Ruolo/RSPP, Sorveglianza sanitaria. In questa pagina TALES OF SICURIX il PERICOLO prende forma... e il METODO81+ lo rimette in ordine, passo dopo passo. Immagina la scena: prima il caos, poi la checklist che sistema tutto. Mettere ordine ora costa poco. Rimediare dopo costa caro.
👉 Iscriviti al corso: Manuale autocontrollo alimentare -> https://81plus.net/?corso=manuale-autocontrollo-alimentare
Contenuto informativo. Prima vedi. Poi sistemi. 81plus.net",Manuale autocontrollo alimentare,https://81plus.net/?corso=manuale-autocontrollo-alimentare,#TalesOfSicurix #SICURIX #Metodo81 #81plus #Sicurissimo81 #HACCP #Sicurezza #SicurezzaSulLavoro,SICURIX_TALES_552010_12_5_9.webp,https://drive.google.com/drive/folders/1hICKXdl9JTZBL1pemG19oE_661z-EH_k,DA_GENERARE_IMG
2026-07-06,86.93.00,Arte/Sport,R,Sicurezza,1,Formazione Generale Lavoratori,Accordo Stato-Regioni,TRACCIX>VOLTIX,"PROMPT IMMAGINE - Crea una PAGINA A FUMETTI verticale 1080x1350 'TALES OF SICURIX'. Settore ATECO 86.93.00 - Arte/Sport [Sicurezza]. Stile: original toy-brick comic adventure (personaggi modulari a mattoncini ORIGINALI, NON LEGO, NON Asterix), fumetto europeo umoristico, linee pulite, colori piatti. PALETTE BRAND OBBLIGATORIA: nero #05050A, bianco, arancione #FF6A1A/#E8501A; logo '81+' ben visibile in ogni vignetta; parola 'PERICOLO' in rosso, 'METODO81+' in verde. Layout a griglia di 1 vignette con titolo in alto e striscia CTA in basso ('81plus.net'). Sequenza narrativa PERICOLO-RISCHIO vs METODO81+: Vignetta 1 [Sicurezza/Formazione base]: il cattivo VOLTIX scatena 'Formazione base'; l'eroe TRACCIX + SICURIX applicano 'Formazione Generale Lavoratori' (Metodo81+). Vignetta finale: SICURIX guarda in camera e dice 'Prima vedi. Poi sistemi.' con logo 81+. Testi in ITALIANO, leggibili. NEGATIVE: niente logo LEGO, niente Asterix/Obelix/elmi alati, niente personaggi protetti da copyright, niente gore/horror, niente claim assoluti ('rischio zero','garantito','zero multe').",Arte/Sport: la verita su Formazione Generale Lavoratori (in 30 secondi),"Arte/Sport: 3 minuti oggi o un problema enorme domani. Scegli tu.

In arte/sport gli adempimenti obbligatori non aspettano: Formazione base. In questa pagina TALES OF SICURIX il PERICOLO prende forma... e il METODO81+ lo rimette in ordine, passo dopo passo. Immagina la scena: prima il caos, poi la checklist che sistema tutto. Chi si mette in regola prima, dorme meglio dopo.
👉 Iscriviti al corso: Corso lavoratore parte GENERALE 4 ore -> https://81plus.net/?corso=corso-lavoratore-parte-generale-4-ore
Contenuto informativo. Prima vedi. Poi sistemi. 81plus.net",Corso lavoratore parte GENERALE 4 ore,https://81plus.net/?corso=corso-lavoratore-parte-generale-4-ore,#TalesOfSicurix #SICURIX #Metodo81 #81plus #Sicurissimo81 #Sicurezza #SicurezzaSulLavoro,SICURIX_TALES_869300_1.webp,https://drive.google.com/drive/folders/1hICKXdl9JTZBL1pemG19oE_661z-EH_k,DA_GENERARE_IMG
2026-07-06,95.40.00,Famiglie datori,T,Privacy,1,Registro dei Trattamenti,GDPR art.30,DOCUMIX>IMPROVVISIX,"PROMPT IMMAGINE - Crea una PAGINA A FUMETTI verticale 1080x1350 'TALES OF SICURIX'. Settore ATECO 95.40.00 - Famiglie datori [Privacy]. Stile: original toy-brick comic adventure (personaggi modulari a mattoncini ORIGINALI, NON LEGO, NON Asterix), fumetto europeo umoristico, linee pulite, colori piatti. PALETTE BRAND OBBLIGATORIA: nero #05050A, bianco, arancione #FF6A1A/#E8501A; logo '81+' ben visibile in ogni vignetta; parola 'PERICOLO' in rosso, 'METODO81+' in verde. Layout a griglia di 1 vignette con titolo in alto e striscia CTA in basso ('81plus.net'). Sequenza narrativa PERICOLO-RISCHIO vs METODO81+: Vignetta 1 [Privacy/Registro]: il cattivo IMPROVVISIX scatena 'Registro'; l'eroe DOCUMIX + SICURIX applicano 'Registro dei Trattamenti' (Metodo81+). Vignetta finale: SICURIX guarda in camera e dice 'Prima vedi. Poi sistemi.' con logo 81+. Testi in ITALIANO, leggibili. NEGATIVE: niente logo LEGO, niente Asterix/Obelix/elmi alati, niente personaggi protetti da copyright, niente gore/horror, niente claim assoluti ('rischio zero','garantito','zero multe').",Famiglie datori: la verita su Registro dei Trattamenti (in 30 secondi),"Famiglie datori: 3 minuti oggi o un problema enorme domani. Scegli tu.

In famiglie datori gli adempimenti obbligatori non aspettano: Registro. In questa pagina TALES OF SICURIX il PERICOLO prende forma... e il METODO81+ lo rimette in ordine, passo dopo passo. Immagina la scena: prima il caos, poi la checklist che sistema tutto. Non e' burocrazia: e' la tua tranquillita.
👉 Iscriviti al corso: Corso privacy destinato ai lavoratori -> https://81plus.net/?corso=corso-privacy-destinato-ai-lavoratori
Contenuto informativo. Prima vedi. Poi sistemi. 81plus.net",Corso privacy destinato ai lavoratori,https://81plus.net/?corso=corso-privacy-destinato-ai-lavoratori,#TalesOfSicurix #SICURIX #Metodo81 #81plus #Sicurissimo81 #Privacy #SicurezzaSulLavoro,SICURIX_TALES_954000_10.webp,https://drive.google.com/drive/folders/1hICKXdl9JTZBL1pemG19oE_661z-EH_k,DA_GENERARE_IMG
2026-07-06,74.12.09,Servizi alle imprese,N,Privacy+Sicurezza,3,Formazione GDPR | RSPP / Datore di Lavoro RSPP | Documento Valutazione Rischi (DVR),GDPR art.32 | D.Lgs81/08 art.34 | D.Lgs81/08 art.28,"DOCUMIX>CANCELIX, HYGIENIX>VOLTIX, BLINKIX>FRETTIX","PROMPT IMMAGINE - Crea una PAGINA A FUMETTI verticale 1080x1350 'TALES OF SICURIX'. Settore ATECO 74.12.09 - Servizi alle imprese [Privacy+Sicurezza]. Stile: original toy-brick comic adventure (personaggi modulari a mattoncini ORIGINALI, NON LEGO, NON Asterix), fumetto europeo umoristico, linee pulite, colori piatti. PALETTE BRAND OBBLIGATORIA: nero #05050A, bianco, arancione #FF6A1A/#E8501A; logo '81+' ben visibile in ogni vignetta; parola 'PERICOLO' in rosso, 'METODO81+' in verde. Layout a griglia di 3 vignette con titolo in alto e striscia CTA in basso ('81plus.net'). Sequenza narrativa PERICOLO-RISCHIO vs METODO81+: Vignetta 1 [Privacy/Formazione]: il cattivo CANCELIX scatena 'Formazione'; l'eroe DOCUMIX + SICURIX applicano 'Formazione GDPR' (Metodo81+). Vignetta 2 [Sicurezza/Ruolo/RSPP]: il cattivo VOLTIX scatena 'Ruolo/RSPP'; l'eroe HYGIENIX + SICURIX applicano 'RSPP / Datore di Lavoro RSPP' (Metodo81+). Vignetta 3 [Sicurezza/Documento]: il cattivo FRETTIX scatena 'Documento'; l'eroe BLINKIX + SICURIX applicano 'Documento Valutazione Rischi (DVR)' (Metodo81+). Vignetta finale: SICURIX guarda in camera e dice 'Prima vedi. Poi sistemi.' con logo 81+. Testi in ITALIANO, leggibili. NEGATIVE: niente logo LEGO, niente Asterix/Obelix/elmi alati, niente personaggi protetti da copyright, niente gore/horror, niente claim assoluti ('rischio zero','garantito','zero multe').",La differenza tra chi in Servizi alle imprese dorme sereno e chi trema al controllo,"In Servizi alle imprese c'e' un obbligo che in tanti scoprono solo con la sanzione

In servizi alle imprese gli adempimenti obbligatori non aspettano: Formazione, Ruolo/RSPP, Documento. In questa pagina TALES OF SICURIX il PERICOLO prende forma... e il METODO81+ lo rimette in ordine, passo dopo passo. Immagina la scena: prima il caos, poi la checklist che sistema tutto. Chi si mette in regola prima, dorme meglio dopo.
👉 Iscriviti al corso: GDPR 2016/679: privacy e trattamento dei dati personali -> https://81plus.net/?corso=gdpr-2016-679-privacy-e-trattamento-dei-dati-personali
Contenuto informativo. Prima vedi. Poi sistemi. 81plus.net",GDPR 2016/679: privacy e trattamento dei dati personali,https://81plus.net/?corso=gdpr-2016-679-privacy-e-trattamento-dei-dati-personali,#TalesOfSicurix #SICURIX #Metodo81 #81plus #Sicurissimo81 #Privacy #Sicurezza #SicurezzaSulLavoro,SICURIX_TALES_741209_12_5_0.webp,https://drive.google.com/drive/folders/1hICKXdl9JTZBL1pemG19oE_661z-EH_k,DA_GENERARE_IMG
2026-07-06,25.94.00,Manifat2026-07-06,95.31.10,Famiglie datori,T,Sicurezza,2,Documento Valutazione Rischi (DVR) | Formazione Generale Lavoratori,D.Lgs81/08 art.28 | Accordo Stato-Regioni,"SICURIX>RISKIX, CHECKIX>VOLTIX","Crea una PAGINA A FUMETTI INFOGRAFICA verticale formato A4 (1024x1536), altissima qualita, stile ufficiale 'SICURIX TALES': personaggi giocattolo a mattoncini 3D renderizzati (minifigure espressive), ambientazione realistica e dettagliata del settore, TESTI IN ITALIANO GRANDI E PERFETTAMENTE LEGGIBILI (NON storpiare le parole, ortografia corretta). Palette brand 81+: nero #05050A, bianco panna, arancione #FF6A1A/#E8501A; ROSSO per 'PERICOLO', VERDE/BLU per 'SOLUZIONE 81+'. Logo '81+' su ogni riquadro. TEMA: Famiglie datori (ATECO 95.31.10). STRUTTURA OBBLIGATORIA: 1) HEADER: a sinistra il protagonista SICURIX (eroe con mantello, medaglione arancione '81+', bussola/checklist) che parla in un fumetto ('Ciao! Sono SICURIX. Oggi in Famiglie datori scopriamo i pericoli e le soluzioni con il Metodo 81+!'); al centro il grande titolo 'SICURIX TALES'; sottotitolo 'FAMIGLIE DATORI: Pericolo vs Soluzione con Metodo 81+'; in alto a destra una legenda con 3 voci (spunta verde 'Sicurezza', triangolo rosso 'Rischio', scudo blu '81+ Soluzione Metodo 81+'); sotto una fila di EROI del tema coi nomi: SICURIX, CHECKIX. 2) CORPO: vignette NUMERATE a coppie affiancate PERICOLO (sinistra, banda rossa, cattivo NOMINATO) vs SOLUZIONE 81+ (destra, banda blu, eroe con checklist). Contenuti: 1) PERICOLO 'Documento Valutazione Rischi (DVR)': il cattivo RISKIX provoca 'Documento' con battuta breve e sotto 'Rischio: ...'; accanto SOLUZIONE 81+: l'eroe SICURIX applica il Metodo81+ con checklist verde. 2) PERICOLO 'Formazione Generale Lavoratori': il cattivo VOLTIX provoca 'Formazione base' con battuta breve e sotto 'Rischio: ...'; accanto SOLUZIONE 81+: l'eroe CHECKIX applica il Metodo81+ con checklist verde. 3) BLOCCO 'IL METODO 81+': scritta '2 EROI, 2 PASSI, SICUREZZA OGNI GIORNO' con checklist verde e gli eroi in fila coi nomi. 4) FOOTER: grande scritta 'Prima vedi. Poi sistemi.'; banner in basso con a sinistra scudo verde 'PROTEGGIAMO. PREVENIAMO. MIGLIORIAMO.' e a destra triangolo rosso 'DISATTENZIONE. RISCHI. COSTI. CAOS.'; al centro logo '81+' e '81plus.net'. CATTIVI (coerenti col canone): RISKIX, VOLTIX. EROI: SICURIX, CHECKIX. Mantieni lo STESSO stile, personaggi e impaginazione delle immagini di riferimento allegate. Testi brevi e grandi. NEGATIVE: nessun marchio LEGO reale, nessun personaggio protetto (Asterix ecc.), niente gore/horror, niente claim assoluti ('rischio zero','garantito','zero multe').",In Famiglie datori c'e' un obbligo che in tanti scoprono solo con la sanzione,"In Famiglie datori non e' 'se' arriva il controllo, e' 'quando'. Sei pronto?

In famiglie datori gli adempimenti obbligatori non aspettano: Documento, Formazione base. In questa pagina TALES OF SICURIX il PERICOLO prende forma... e il METODO81+ lo rimette in ordine, passo dopo passo. Immagina la scena: prima il caos, poi la checklist che sistema tutto. Mettere ordine ora costa poco. Rimediare dopo costa caro.
👉 Iscriviti al corso: Corso lavoratore parte GENERALE 4 ore -> https://81plus.net/?corso=corso-lavoratore-parte-generale-4-ore
Contenuto informativo. Prima vedi. Poi sistemi. 81plus.net",Corso lavoratore parte GENERALE 4 ore,https://81plus.net/?corso=corso-lavoratore-parte-generale-4-ore,#TalesOfSicurix #SICURIX #Metodo81 #81plus #Sicurissimo81 #Sicurezza #SicurezzaSulLavoro,SICURIX_TALES_953110_0_1.webp,https://drive.google.com/drive/folders/1hICKXdl9JTZBL1pemG19oE_661z-EH_k,DA_GENERARE_IMG
2026-07-06,52.22.09,Trasporti/Magazzino,H,Sicurezza+Privacy,3,Rischio Rumore | Formazione Preposto | Registro dei Trattamenti,D.Lgs81/08 Tit.VIII | D.Lgs81/08 art.37 | GDPR art.30,"HYGIENIX>CAOSIX, SICURIX>SEGNALEX, ROBOTIX81>FRETTIX","Crea una PAGINA A FUMETTI INFOGRAFICA verticale formato A4 (1024x1536), altissima qualita, stile ufficiale 'SICURIX TALES': personaggi giocattolo a mattoncini 3D renderizzati (minifigure espressive), ambientazione realistica e dettagliata del settore, TESTI IN ITALIANO GRANDI E PERFETTAMENTE LEGGIBILI (NON storpiare le parole, ortografia corretta). Palette brand 81+: nero #05050A, bianco panna, arancione #FF6A1A/#E8501A; ROSSO per 'PERICOLO', VERDE/BLU per 'SOLUZIONE 81+'. Logo '81+' su ogni riquadro. TEMA: Trasporti/Magazzino (ATECO 52.22.09). STRUTTURA OBBLIGATORIA: 1) HEADER: a sinistra il protagonista SICURIX (eroe con mantello, medaglione arancione '81+', bussola/checklist) che parla in un fumetto ('Ciao! Sono SICURIX. Oggi in Trasporti/Magazzino scopriamo i pericoli e le soluzioni con il Metodo 81+!'); al centro il grande titolo 'SICURIX TALES'; sottotitolo 'TRASPORTI/MAGAZZINO: Pericolo vs Soluzione con Metodo 81+'; in alto a destra una legenda con 3 voci (spunta verde 'Sicurezza', triangolo rosso 'Rischio', scudo blu '81+ Soluzione Metodo 81+'); sotto una fila di EROI del tema coi nomi: HYGIENIX, SICURIX, ROBOTIX81. 2) CORPO: vignette NUMERATE a coppie affiancate PERICOLO (sinistra, banda rossa, cattivo NOMINATO) vs SOLUZIONE 81+ (destra, banda blu, eroe con checklist). Contenuti: 1) PERICOLO 'Rischio Rumore': il cattivo CAOSIX provoca 'Rumore' con battuta breve e sotto 'Rischio: ...'; accanto SOLUZIONE 81+: l'eroe HYGIENIX applica il Metodo81+ con checklist verde. 2) PERICOLO 'Formazione Preposto': il cattivo SEGNALEX provoca 'Ruolo/Preposto' con battuta breve e sotto 'Rischio: ...'; accanto SOLUZIONE 81+: l'eroe SICURIX applica il Metodo81+ con checklist verde. 3) PERICOLO 'Registro dei Trattamenti': il cattivo FRETTIX provoca 'Registro' con battuta breve e sotto 'Rischio: ...'; accanto SOLUZIONE 81+: l'eroe ROBOTIX81 applica il Metodo81+ con checklist verde. 3) BLOCCO 'IL METODO 81+': scritta '3 EROI, 3 PASSI, SICUREZZA OGNI GIORNO' con checklist verde e gli eroi in fila coi nomi. 4) FOOTER: grande scritta 'Prima vedi. Poi sistemi.'; banner in basso con a sinistra scudo verde 'PROTEGGIAMO. PREVENIAMO. MIGLIORIAMO.' e a destra triangolo rosso 'DISATTENZIONE. RISCHI. COSTI. CAOS.'; al centro logo '81+' e '81plus.net'. CATTIVI (coerenti col canone): CAOSIX, SEGNALEX, FRETTIX. EROI: HYGIENIX, SICURIX, ROBOTIX81. Mantieni lo STESSO stile, personaggi e impaginazione delle immagini di riferimento allegate. Testi brevi e grandi. NEGATIVE: nessun marchio LEGO reale, nessun personaggio protetto (Asterix ecc.), niente gore/horror, niente claim assoluti ('rischio zero','garantito','zero multe').","In Trasporti/Magazzino non e' 'se' arriva il controllo, e' 'quando'. Sei pronto?","La differenza tra chi in Trasporti/Magazzino dorme sereno e chi trema al controllo

In trasporti/magazzino gli adempimenti obbligatori non aspettano: Rumore, Ruolo/Preposto, Registro. In questa pagina TALES OF SICURIX il PERICOLO prende forma... e il METODO81+ lo rimette in ordine, passo dopo passo. Immagina la scena: prima il caos, poi la checklist che sistema tutto. Non e' burocrazia: e' la tua tranquillita.
👉 Iscriviti al corso: Corso RSPP Datore di Lavoro : rischio rumore -> https://81plus.net/?corso=corso-rspp-datore-di-lavoro-rischio-rumore
Contenuto informativo. Prima vedi. Poi sistemi. 81plus.net",Corso RSPP Datore di Lavoro : rischio rumore,https://81plus.net/?corso=corso-rspp-datore-di-lavoro-rischio-rumore,#TalesOfSicurix #SICURIX #Metodo81 #81plus #Sicurissimo81 #Sicurezza #Privacy #SicurezzaSulLavoro,SICURIX_TALES_522209_12_3_16.webp,https://drive.google.com/drive/folders/1hICKXdl9JTZBL1pemG19oE_661z-EH_k,DA_GENERARE_IMG
2026-07-06,30.92.40,Manifattura,C,Privacy+Sicurezza+HACCP,5,Registro dei Trattamenti | RSPP / Datore di Lavoro RSPP | Informativa e Consensi | Addetto Antincendio | Manuale HACCP di Autocontrollo,GDPR art.30 | D.Lgs81/08 art.34 | GDPR art.13 | DM 2/9/2021 | Reg.CE 852/2004,"SCUDIX>OBLIVIX, LUXPECTORIX>SCIVOLIX, ROBOTIX81>PHISHIX, CHECKIX>TAGLIX, CONSENSIX>ACQUAIX","Crea una PAGINA A FUMETTI INFOGRAFICA verticale formato A4 (1024x1536), altissima qualita, stile ufficiale 'SICURIX TALES': personaggi giocattolo a mattoncini 3D renderizzati (minifigure espressive), ambientazione realistica e dettagliata del settore, TESTI IN ITALIANO GRANDI E PERFETTAMENTE LEGGIBILI (NON storpiare le parole, ortografia corretta). Palette brand 81+: nero #05050A, bianco panna, arancione #FF6A1A/#E8501A; ROSSO per 'PERICOLO', VERDE/BLU per 'SOLUZIONE 81+'. Logo '81+' su ogni riquadro. TEMA: Manifattura (ATECO 30.92.40). STRUTTURA OBBLIGATORIA: 1) HEADER: a sinistra il protagonista SICURIX (eroe con mantello, medaglione arancione '81+', bussola/checklist) che parla in un fumetto ('Ciao! Sono SICURIX. Oggi in Manifattura scopriamo i pericoli e le soluzioni con il Metodo 81+!'); al centro il grande titolo 'SICURIX TALES'; sottotitolo 'MANIFATTURA: Pericolo vs Soluzione con Metodo 81+'; in alto a destra una legenda con 3 voci (spunta verde 'Sicurezza', triangolo rosso 'Rischio', scudo blu '81+ Soluzione Metodo 81+'); sotto una fila di EROI del tema coi nomi: SCUDIX, LUXPECTORIX, ROBOTIX81, CHECKIX, CONSENSIX. 2) CORPO: vignette NUMERATE a coppie affiancate PERICOLO (sinistra, banda rossa, cattivo NOMINATO) vs SOLUZIONE 81+ (destra, banda blu, eroe con checklist). Contenuti: 1) PERICOLO 'Registro dei Trattamenti': il cattivo OBLIVIX provoca 'Registro' con battuta breve e sotto 'Rischio: ...'; accanto SOLUZIONE 81+: l'eroe SCUDIX applica il Metodo81+ con checklist verde. 2) PERICOLO 'RSPP / Datore di Lavoro RSPP': il cattivo SCIVOLIX provoca 'Ruolo/RSPP' con battuta breve e sotto 'Rischio: ...'; accanto SOLUZIONE 81+: l'eroe LUXPECTORIX applica il Metodo81+ con checklist verde. 3) PERICOLO 'Informativa e Consensi': il cattivo PHISHIX provoca 'Documento' con battuta breve e sotto 'Rischio: ...'; accanto SOLUZIONE 81+: l'eroe ROBOTIX81 applica il Metodo81+ con checklist verde. 4) PERICOLO 'Addetto Antincendio': il cattivo TAGLIX provoca 'Emergenze/Incendio' con battuta breve e sotto 'Rischio: ...'; accanto SOLUZIONE 81+: l'eroe CHECKIX applica il Metodo81+ con checklist verde. 5) PERICOLO 'Manuale HACCP di Autocontrollo': il cattivo ACQUAIX provoca 'Documento' con battuta breve e sotto 'Rischio: ...'; accanto SOLUZIONE 81+: l'eroe CONSENSIX applica il Metodo81+ con checklist verde. 3) BLOCCO 'IL METODO 81+': scritta '5 EROI, 5 PASSI, SICUREZZA OGNI GIORNO' con checklist verde e gli eroi in fila coi nomi. 4) FOOTER: grande scritta 'Prima vedi. Poi sistemi.'; banner in basso con a sinistra scudo verde 'PROTEGGIAMO. PREVENIAMO. MIGLIORIAMO.' e a destra triangolo rosso 'DISATTENZIONE. RISCHI. COSTI. CAOS.'; al centro logo '81+' e '81plus.net'. CATTIVI (coerenti col canone): OBLIVIX, SCIVOLIX, PHISHIX, TAGLIX, ACQUAIX. EROI: SCUDIX, LUXPECTORIX, ROBOTIX81, CHECKIX, CONSENSIX. Mantieni lo STESSO stile, personaggi e impaginazione delle immagini di riferimento allegate. Testi brevi e grandi. NEGATIVE: nessun marchio LEGO reale, nessun personaggio protetto (Asterix ecc.), niente gore/horror, niente claim assoluti ('rischio zero','garantito','zero multe').",In Manifattura c'e' un obbligo che in tanti scoprono solo con la sanzione,"In Manifattura c'e' un obbligo che in tanti scoprono solo con la sanzione

In manifattura gli adempimenti obbligatori non aspettano: Registro, Ruolo/RSPP, Documento, Emergenze/Incendio. In questa pagina TALES OF SICURIX il PERICOLO prende forma... e il METODO81+ lo rimette in ordine, passo dopo passo. Immagina la scena: prima il caos, poi la checklist che sistema tutto. Non e' burocrazia: e' la tua tranquillita.
👉 Iscriviti al corso: Corso privacy destinato ai lavoratori -> https://81plus.net/?corso=corso-privacy-destinato-ai-lavoratori
Contenuto informativo. Prima vedi. Poi sistemi. 81plus.net",Corso privacy destinato ai lavoratori,https://81plus.net/?corso=corso-privacy-destinato-ai-lavoratori,#TalesOfSicurix #SICURIX #Metodo81 #81plus #Sicurissimo81 #Privacy #Sicurezza #HACCP #SicurezzaSulLavoro,SICURIX_TALES_309240_22_5_21_7_14.webp,https://drive.google.com/drive/folders/1hICKXdl9JTZBL1pemG19oE_661z-EH_k,DA_GENERARE_IMG
2026-07-06,10.20.09,Manifattura,C,Privacy+Ambientale+Sicurezza,3,Procedura Data Breach | Formazione Ambientale | Formazione Generale Lavoratori,GDPR art.33-34 | D.Lgs152/06 | Accordo Stato-Regioni,"SICURIX>CAOSIX, SICURIX>OBLIVIX, FORMIX>VIBRIX","Crea una PAGINA A FUMETTI INFOGRAFICA verticale formato A4 (1024x1536), altissima qualita, stile ufficiale 'SICURIX TALES': personaggi giocattolo a mattoncini 3D renderizzati (minifigure espressive), ambientazione realistica e dettagliata del settore, TESTI IN ITALIANO GRANDI E PERFETTAMENTE LEGGIBILI (NON storpiare le parole, ortografia corretta). Palette brand 81+: nero #05050A, bianco panna, arancione #FF6A1A/#E8501A; ROSSO per 'PERICOLO', VERDE/BLU per 'SOLUZIONE 81+'. Logo '81+' su ogni riquadro. TEMA: Manifattura (ATECO 10.20.09). STRUTTURA OBBLIGATORIA: 1) HEADER: a sinistra il protagonista SICURIX (eroe con mantello, medaglione arancione '81+', bussola/checklist) che parla in un fumetto ('Ciao! Sono SICURIX. Oggi in Manifattura scopriamo i pericoli e le soluzioni con il Metodo 81+!'); al centro il grande titolo 'SICURIX TALES'; sottotitolo 'MANIFATTURA: Pericolo vs Soluzione con Metodo 81+'; in alto a destra una legenda con 3 voci (spunta verde 'Sicurezza', triangolo rosso 'Rischio', scudo blu '81+ Soluzione Metodo 81+'); sotto una fila di EROI del tema coi nomi: SICURIX, FORMIX. 2) CORPO: vignette NUMERATE a coppie affiancate PERICOLO (sinistra, banda rossa, cattivo NOMINATO) vs SOLUZIONE 81+ (destra, banda blu, eroe con checklist). Contenuti: 1) PERICOLO 'Procedura Data Breach': il cattivo CAOSIX provoca 'Data breach' con battuta breve e sotto 'Rischio: ...'; accanto SOLUZIONE 81+: l'eroe SICURIX applica il Metodo81+ con checklist verde. 2) PERICOLO 'Formazione Ambientale': il cattivo OBLIVIX provoca 'Formazione' con battuta breve e sotto 'Rischio: ...'; accanto SOLUZIONE 81+: l'eroe SICURIX applica il Metodo81+ con checklist verde. 3) PERICOLO 'Formazione Generale Lavoratori': il cattivo VIBRIX provoca 'Formazione base' con battuta breve e sotto 'Rischio: ...'; accanto SOLUZIONE 81+: l'eroe FORMIX applica il Metodo81+ con checklist verde. 3) BLOCCO 'IL METODO 81+': scritta '2 EROI, 3 PASSI, SICUREZZA OGNI GIORNO' con checklist verde e gli eroi in fila coi nomi. 4) FOOTER: grande scritta 'Prima vedi. Poi sistemi.'; banner in basso con a sinistra scudo verde 'PROTEGGIAMO. PREVENIAMO. MIGLIORIAMO.' e a destra triangolo rosso 'DISATTENZIONE. RISCHI. COSTI. CAOS.'; al centro logo '81+' e '81plus.net'. CATTIVI (coerenti col canone): CAOSIX, OBLIVIX, VIBRIX. EROI: SICURIX, FORMIX. Mantieni lo STESSO stile, personaggi e impaginazione delle immagini di riferimento allegate. Testi brevi e grandi. NEGATIVE: nessun marchio LEGO reale, nessun personaggio protetto (Asterix ecc.), niente gore/horror, niente claim assoluti ('rischio zero','garantito','zero multe').","In Manifattura non e' 'se' arriva il controllo, e' 'quando'. Sei pronto?","Manifattura: 3 minuti oggi o un problema enorme domani. Scegli tu.

In manifattura gli adempimenti obbligatori non aspettano: Data breach, Formazione, Formazione base. In questa pagina TALES OF SICURIX il PERICOLO prende forma... e il METODO81+ lo rimette in ordine, passo dopo passo. Immagina la scena: prima il caos, poi la checklist che sistema tutto. Non e' burocrazia: e' la tua tranquillita.
👉 Iscriviti al corso: Corso privacy destinato ai lavoratori -> https://81plus.net/?corso=corso-privacy-destinato-ai-lavoratori
Contenuto informativo. Prima vedi. Poi sistemi. 81plus.net",Corso privacy destinato ai lavoratori,https://81plus.net/?corso=corso-privacy-destinato-ai-lavoratori,#TalesOfSicurix #SICURIX #Metodo81 #81plus #Sicurissimo81 #Privacy #Ambientale #Sicurezza #SicurezzaSulLavoro,SICURIX_TALES_102009_25_27_1.webp,https://drive.google.com/drive/folders/1hICKXdl9JTZBL1pemG19oE_661z-EH_k,DA_GENERARE_IMG
2026-07-06,46.83.29,Commercio,G,Privacy,1,Registro dei Trattamenti,GDPR art.30,CONSENSIX>OBLIVIX,"Crea una PAGINA A FUMETTI INFOGRAFICA verticale formato A4 (1024x1536), altissima qualita, stile ufficiale 'SICURIX TALES': personaggi giocattolo a mattoncini 3D renderizzati (minifigure espressive), ambientazione realistica e dettagliata del settore, TESTI IN ITALIANO GRANDI E PERFETTAMENTE LEGGIBILI (NON storpiare le parole, ortografia corretta). Palette brand 81+: nero #05050A, bianco panna, arancione #FF6A1A/#E8501A; ROSSO per 'PERICOLO', VERDE/BLU per 'SOLUZIONE 81+'. Logo '81+' su ogni riquadro. TEMA: Commercio (ATECO 46.83.29). STRUTTURA OBBLIGATORIA: 1) HEADER: a sinistra il protagonista SICURIX (eroe con mantello, medaglione arancione '81+', bussola/checklist) che parla in un fumetto ('Ciao! Sono SICURIX. Oggi in Commercio scopriamo i pericoli e le soluzioni con il Metodo 81+!'); al centro il grande titolo 'SICURIX TALES'; sottotitolo 'COMMERCIO: Pericolo vs Soluzione con Metodo 81+'; in alto a destra una legenda con 3 voci (spunta verde 'Sicurezza', triangolo rosso 'Rischio', scudo blu '81+ Soluzione Metodo 81+'); sotto una fila di EROI del tema coi nomi: CONSENSIX. 2) CORPO: vignette NUMERATE a coppie affiancate PERICOLO (sinistra, banda rossa, cattivo NOMINATO) vs SOLUZIONE 81+ (destra, banda blu, eroe con checklist). Contenuti: 1) PERICOLO 'Registro dei Trattamenti': il cattivo OBLIVIX provoca 'Registro' con battuta breve e sotto 'Rischio: ...'; accanto SOLUZIONE 81+: l'eroe CONSENSIX applica il Metodo81+ con checklist verde. 3) BLOCCO 'IL METODO 81+': scritta '1 EROI, 1 PASSI, SICUREZZA OGNI GIORNO' con checklist verde e gli eroi in fila coi nomi. 4) FOOTER: grande scritta 'Prima vedi. Poi sistemi.'; banner in basso con a sinistra scudo verde 'PROTEGGIAMO. PREVENIAMO. MIGLIORIAMO.' e a destra triangolo rosso 'DISATTENZIONE. RISCHI. COSTI. CAOS.'; al centro logo '81+' e '81plus.net'. CATTIVI (coerenti col canone): OBLIVIX. EROI: CONSENSIX. Mantieni lo STESSO stile, personaggi e impaginazione delle immagini di riferimento allegate. Testi brevi e grandi. NEGATIVE: nessun marchio LEGO reale, nessun personaggio protetto (Asterix ecc.), niente gore/horror, niente claim assoluti ('rischio zero','garantito','zero multe').",Commercio: la verita su Registro dei Trattamenti (in 30 secondi),"In Commercio non e' 'se' arriva il controllo, e' 'quando'. Sei pronto?

In commercio gli adempimenti obbligatori non aspettano: Registro. In questa pagina TALES OF SICURIX il PERICOLO prende forma... e il METODO81+ lo rimette in ordine, passo dopo passo. Immagina la scena: prima il caos, poi la checklist che sistema tutto. Non e' burocrazia: e' la tua tranquillita.
👉 Iscriviti al corso: Corso privacy destinato ai lavoratori -> https://81plus.net/?corso=corso-privacy-destinato-ai-lavoratori
Contenuto informativo. Prima vedi. Poi sistemi. 81plus.net",Corso privacy destinato ai lavoratori,https://81plus.net/?corso=corso-privacy-destinato-ai-lavoratori,#TalesOfSicurix #SICURIX #Metodo81 #81plus #Sicurissimo81 #Privacy #SicurezzaSulLavoro,SICURIX_TALES_468329_20.webp,https://drive.google.com/drive/folders/1hICKXdl9JTZBL1pemG19oE_661z-EH_k,DA_GENERARE_IMG
2026-07-06,47.69.91,Commercio,G,Sicurezza+Privacy,3,Uso e Formazione DPI | Videosorveglianza a norma | Addetto Antincendio,D.Lgs81/08 art.77 | Provv.Garante | DM 2/9/2021,"SICURIX>IMPROVVISIX, CONSENSIX>HACKIX, TRACCIX>RUMORIX","Crea una PAGINA A FUMETTI INFOGRAFICA verticale formato A4 (1024x1536), altissima qualita, stile ufficiale 'SICURIX TALES': personaggi giocattolo a mattoncini 3D renderizzati (minifigure espressive), ambientazione realistica e dettagliata del settore, TESTI IN ITALIANO GRANDI E PERFETTAMENTE LEGGIBILI (NON storpiare le parole, ortografia corretta). Palette brand 81+: nero #05050A, bianco panna, arancione #FF6A1A/#E8501A; ROSSO per 'PERICOLO', VERDE/BLU per 'SOLUZIONE 81+'. Logo '81+' su ogni riquadro. TEMA: Commercio (ATECO 47.69.91). STRUTTURA OBBLIGATORIA: 1) HEADER: a sinistra il protagonista SICURIX (eroe con mantello, medaglione arancione '81+', bussola/checklist) che parla in un fumetto ('Ciao! Sono SICURIX. Oggi in Commercio scopriamo i pericoli e le soluzioni con il Metodo 81+!'); al centro il grande titolo 'SICURIX TALES'; sottotitolo 'COMMERCIO: Pericolo vs Soluzione con Metodo 81+'; in alto a destra una legenda con 3 voci (spunta verde 'Sicurezza', triangolo rosso 'Rischio', scudo blu '81+ Soluzione Metodo 81+'); sotto una fila di EROI del tema coi nomi: SICURIX, CONSENSIX, TRACCIX. 2) CORPO: vignette NUMERATE a coppie affiancate PERICOLO (sinistra, banda rossa, cattivo NOMINATO) vs SOLUZIONE 81+ (destra, banda blu, eroe con checklist). Contenuti: 1) PERICOLO 'Uso e Formazione DPI': il cattivo IMPROVVISIX provoca 'DPI' con battuta breve e sotto 'Rischio: ...'; accanto SOLUZIONE 81+: l'eroe SICURIX applica il Metodo81+ con checklist verde. 2) PERICOLO 'Videosorveglianza a norma': il cattivo HACKIX provoca 'Videosorveglianza' con battuta breve e sotto 'Rischio: ...'; accanto SOLUZIONE 81+: l'eroe CONSENSIX applica il Metodo81+ con checklist verde. 3) PERICOLO 'Addetto Antincendio': il cattivo RUMORIX provoca 'Emergenze/Incendio' con battuta breve e sotto 'Rischio: ...'; accanto SOLUZIONE 81+: l'eroe TRACCIX applica il Metodo81+ con checklist verde. 3) BLOCCO 'IL METODO 81+': scritta '3 EROI, 3 PASSI, SICUREZZA OGNI GIORNO' con checklist verde e gli eroi in fila coi nomi. 4) FOOTER: grande scritta 'Prima vedi. Poi sistemi.'; banner in basso con a sinistra scudo verde 'PROTEGGIAMO. PREVENIAMO. MIGLIORIAMO.' e a destra triangolo rosso 'DISATTENZIONE. RISCHI. COSTI. CAOS.'; al centro logo '81+' e '81plus.net'. CATTIVI (coerenti col canone): IMPROVVISIX, HACKIX, RUMORIX. EROI: SICURIX, CONSENSIX, TRACCIX. Mantieni lo STESSO stile, personaggi e impaginazione delle immagini di riferimento allegate. Testi brevi e grandi. NEGATIVE: nessun marchio LEGO reale, nessun personaggio protetto (Asterix ecc.), niente gore/horror, niente claim assoluti ('rischio zero','garantito','zero multe').",Quello che l'ispettore controlla per primo in Commercio (e quasi nessuno lo sa),"Commercio: 3 minuti oggi o un problema enorme domani. Scegli tu.

In commercio gli adempimenti obbligatori non aspettano: DPI, Videosorveglianza, Emergenze/Incendio. In questa pagina TALES OF SICURIX il PERICOLO prende forma... e il METODO81+ lo rimette in ordine, passo dopo passo. Immagina la scena: prima il caos, poi la checklist che sistema tutto. Chi si mette in regola prima, dorme meglio dopo.
👉 Iscriviti al corso: Corso Lavori in Quota e DPI Anticaduta -> https://81plus.net/?corso=corso-lavori-in-quota-e-dpi-anticaduta
Contenuto informativo. Prima vedi. Poi sistemi. 81plus.net",Corso Lavori in Quota e DPI Anticaduta,https://81plus.net/?corso=corso-lavori-in-quota-e-dpi-anticaduta,#TalesOfSicurix #SICURIX #Metodo81 #81plus #Sicurissimo81 #Sicurezza #Privacy #SicurezzaSulLavoro,SICURIX_TALES_476991_8_24_7.webp,https://drive.google.com/drive/folders/1hICKXdl9JTZBL1pemG19oE_661z-EH_k,DA_GENERARE_IMG
